route_point,x,y
0,0.0,0.0
1,0,0
2,-0.0029,-0.0127
3,0.0405,-0.0054
4,0.0839,0.0018
5,0.1201,0.009
6,0.1563,0.0235
7,0.1925,0.0308
8,0.2214,0.0525
9,0.2431,0.0814
10,0.2793,0.0959
11,0.3155,0.1103
12,0.3517,0.1176
13,0.3951,0.1176
14,0.4312,0.1176
15,0.4674,0.1176
16,0.5036,0.1176
17,0.5398,0.1176
18,0.5759,0.1321
19,0.6121,0.1393
20,0.6483,0.1465
21,0.6845,0.1682
22,0.7207,0.1682
23,0.7568,0.1682
24,0.793,0.1755
25,0.8292,0.1899
26,0.8654,0.1972
27,0.9015,0.2116
28,0.9305,0.2406
29,0.9594,0.2623
30,0.9884,0.2985
31,1.0101,0.3274
32,1.039,0.3491
33,1.0752,0.3564
34,1.1114,0.3636
35,1.1475,0.3636
36,1.1837,0.3564
37,1.2199,0.3636
38,1.2488,0.3925
39,1.2633,0.4359
40,1.2633,0.4721
41,1.2633,0.5083
42,1.2633,0.5445
43,1.2416,0.5879
44,1.2199,0.6241
45,1.2054,0.6602
46,1.1982,0.7037
47,1.1837,0.7398
48,1.1765,0.776
49,1.162,0.8194
50,1.1548,0.8556
51,1.1548,0.8918
52,1.1548,0.928
53,1.1475,0.9641
54,1.1837,0.9786
55,1.2199,0.9714
56,1.2633,0.9714
57,1.2995,0.9714
58,1.3357,0.9714
59,1.3718,0.9714
60,1.408,0.9569
61,1.4442,0.9497
62,1.4876,0.9497
63,1.5238,0.9569
64,1.5455,0.9858
65,1.5889,1.0003
66,1.6251,1.0075
67,1.6613,1.0075
68,1.6974,1.0075
69,1.7336,1.0075
70,1.7698,1.0148
71,1.806,1.022
72,1.8421,1.0292
73,1.8783,1.0365
74,1.9145,1.0437
75,1.9434,1.022
76,1.9724,1.0727
77,1.9941,1.1088
78,2.0086,1.145
79,2.052,1.1812
80,2.0737,1.2246
81,2.0954,1.2535
82,2.1099,1.2897
83,2.1099,1.3259
84,2.1026,1.3621
85,2.0881,1.3983
86,2.0592,1.4561
87,2.0447,1.4923
88,2.0303,1.5285
89,2.0158,1.5791
90,2.0013,1.6153
91,1.9796,1.6443
92,1.9579,1.6804
93,1.9507,1.7166
94,1.9362,1.76
95,1.9145,1.7962
96,1.9,1.8324
97,1.8711,1.8541
98,1.8494,1.883
99,1.806,1.8975
100,1.7698,1.9047
101,1.7336,1.9192
102,1.55,2.05
